Month,Sex,TL/cm,SL/cm,BW/g,GW/g
Oct,F,12.4,9.7,34.15,0.12
Oct,F,12.5,10.2,35.91,0.08
Oct,F,12.6,10.3,37.8,0.13
Oct,F,14.6,11.9,54.8,0.13
Oct,F,13,10.6,37.95,0.04
Oct,F,13.8,10.9,48.82,0.19
Oct,F,16.6,13.5,88.69,0.88
Oct,F,11.9,9.9,31.89,0.08
Oct,F,15,12.3,61.26,0.16
Oct,F,13.9,11.2,46.21,0.18
Oct,F,16.1,12.8,64.9,0.12
Oct,F,13.3,10.3,42.04,0.17
Oct,F,15.9,12.9,74.65,0.13
Oct,F,20.1,15.6,130.95,0.32
Oct,F,19.1,15.3,121.02,0.06
Oct,F,21.6,17.5,177.5,0.38
Oct,F,18.6,14.9,110.17,0.25
Oct,F,16.5,13.6,76.95,0.06
Oct,F,23.8,18.6,205.49,0.61
Oct,F,19.1,15.7,131.64,0.98
Oct,F,17.9,14.6,94.83,0.19
Oct,F,15.9,13,75.77,0.16
Oct,F,19.9,15.4,130.68,0.59
Oct,F,15.9,12.1,67.1,0.14
Oct,F,13.9,10.9,45.68,0.02
Oct,F,16.9,13.7,87.57,2.02
Oct,F,18.9,15.5,130.92,1.85
Oct,F,16.1,12.6,79.93,0.13
Oct,F,12.5,9.9,33.78,0.16
Oct,F,12.6,10.2,37.14,0.12
Oct,F,14.8,11.8,55.01,0.22
Oct,F,16.6,13,77.13,0.18
Oct,F,15,12.1,54.12,2.06
Oct,F,11.5,9.4,24.68,0.03
Oct,F,17.6,14.4,111.77,0.77
Oct,F,15.9,12.6,79,0.15
Oct,F,13.7,10.6,50.46,0.06
Oct,F,1340,10.7,42.4,0.02
Oct,F,15.8,12.3,70.9,0.08
Oct,F,13.6,10.6,41.37,0.16
Oct,F,15.1,12.2,66.02,0.17
Oct,F,11.7,9.4,29.57,0.08
Oct,F,12.6,9.9,36.01,0.06
Oct,F,13.6,10.6,44.47,0.04
Oct,F,17.5,13.5,87.8,0.14
Oct,F,14.6,12,58.06,0.12
Oct,F,17.1,13.8,88.46,0.55
Oct,F,17.1,13.6,97.55,0.31
Oct,F,11.4,9.2,27.96,0.08
Oct,F,10.9,8.9,27.69,0.07
Oct,F,11.4,9.6,29.45,1.2
Oct,F,13,10.5,39.52,0.15
Oct,F,14.9,11.8,59.57,0.16
Oct,F,16.4,13.3,79.22,0.11
Oct,F,12.4,9.6,32.95,0.18
Oct,F,13,10.3,42.17,0.06
Oct,F,12.6,10.2,35.68,0.1
Oct,F,13.9,11.2,47.09,0.02
Oct,F,12.6,10.2,41.92,0.02
Oct,F,12.1,9.7,35.88,0.06
Oct,F,14.4,11.5,54.01,0.06
Oct,F,12.9,10.6,39.4,0.17
Oct,F,13.1,10.7,41.44,0.15
Oct,F,12.6,9.4,35.26,0.07
Oct,M,11.2,8.4,26.91,0.02
Oct,M,17.3,13.5,87.35,0.02
Oct,M,12.3,9.7,32.41,0.02
Oct,M,18.6,14.6,115.08,0.02
Oct,M,13.5,10.8,48.3,0.04
Oct,M,12.9,10.5,40.63,0.05
Oct,M,17.3,13.8,85.44,0.02
Oct,M,16.4,13.6,79.59,0.02
Oct,M,12.5,10.2,40.27,0.02
Oct,M,11.2,8.9,25.59,0.02
Oct,M,11.9,9.8,30.06,0.02
Oct,M,20.1,16.1,131.07,0.65
Oct,M,15.1,12.4,61.68,0.03
Oct,M,18.1,13.7,94.5,0.02
Oct,M,12,9.6,30.77,0.01
Oct,M,17.6,14.5,100.68,0.04
Oct,M,14.9,12.3,60.37,0.01
Oct,M,13.2,10.7,46.3,0.01
Oct,M,19.8,15.4,127.41,0.04
Oct,M,20.4,16.6,123.91,0.3
Oct,M,19.7,15.5,133.73,0.02
Oct,M,15.6,12.7,73.94,0.02
Oct,M,17.1,14.6,86.58,0.01
Oct,M,18.1,14.6,110.48,0.04
Oct,M,17.2,14.3,100.57,0.02
Oct,M,18.2,14.6,99.1,0.07
Oct,M,17.6,13.6,86.82,0.02
Oct,M,14.5,11.6,48.68,0.01
Oct,M,20,16.1,149.05,0.05
Oct,M,15,12.3,55.72,0.02
Oct,M,12.6,10.2,36.06,0.02
Oct,M,16,12,56.85,0.02
Oct,M,15,11.5,64.06,0.01
Oct,M,15.8,12.9,70.64,0.02
Oct,M,15.7,13.4,74.04,0.02
Oct,M,13.8,10.9,46.57,0.02
Oct,M,15.2,12.3,63.33,0.02
Oct,M,15.1,11.8,58.28,0.02
Oct,M,13.8,11.2,48.9,0.02
Oct,M,13.6,10.9,42.26,0.02
Oct,M,13.3,10.5,41.1,0.02
Oct,M,14.6,11.4,53.41,0.02
Oct,M,12.7,10.1,37.6,0.02
Oct,M,12.5,9.8,36,0.02
Oct,M,13.1,10.5,39.96,0.02
Oct,M,16.8,13.3,84.96,0.02
Oct,M,15.6,12.1,66.39,0.02
Oct,M,13.4,10.6,39.58,0.02
Oct,M,12.2,9.9,34.87,0.02
Oct,M,14.2,11.6,51.79,0.02
Oct,M,12.9,9.9,36.64,0.01
Oct,M,11.6,9.5,29.88,0.02
Oct,M,15.1,11.9,66.94,0.02
Oct,M,13.7,11,48.62,0.02
Oct,M,11.5,9.4,30.08,0.02
Oct,M,13.5,10.5,48.4,0.02
Oct,M,11.6,9.2,29.06,0.02
Oct,M,11,8.4,28.94,0.02
Oct,M,11.8,9.1,27.78,0.01
Oct,M,12.2,9.9,36.32,0.02
Oct,M,12.6,9.5,31.59,0.02
Oct,M,12,9.6,30.41,0.02
Nov,F,21.3,16.7,181.2,1.47
Nov,F,19.5,15.3,135.5,1.56
Nov,F,18.6,14.7,117.57,6.56
Nov,F,20.1,16.3,146.21,3.98
Nov,M,17.3,13.4,85.6,0.02
Nov,M,15.7,12.6,77.1,0.02
Nov,M,15.3,12.4,71.5,0.02
Nov,M,16.6,13.5,76.09,0.03
Nov,M,18.3,14.6,117.28,0.04
Nov,F,18.1,14.6,113.45,0.17
Nov,F,14.9,12.2,69.13,1.09
Nov,F,15.9,12.7,87.75,0.2
Nov,F,14.3,11.6,58.54,0.2
Nov,F,18.1,15.1,122.44,0.34
Nov,F,18.6,14.8,131.29,2.66
Nov,F,16.3,13.4,96.96,0.18
Nov,F,12.9,10.5,38.75,0.06
Nov,M,16.4,13.1,86.84,0.02
Nov,F,12,9.2,33.47,0.05
Nov,F,12.4,9.9,38.65,0.09
Nov,F,12.7,10.4,44.05,0.24
Nov,M,16.9,13.5,89.05,0.02
Nov,F,20.1,16.9,176.22,0.86
Nov,M,13.5,10.9,50.73,0.02
Nov,F,16,13.8,106.7,1.07
Nov,F,19,15.3,150.34,3.2
Nov,F,13.6,10.9,51.26,0.06
Nov,F,14.4,11.9,63.36,0.46
Nov,F,14.3,11.5,53.28,0.14
Nov,M,15.6,12.3,71.26,0.01
Nov,F,16.9,13.8,93.39,0.4
Nov,F,12.2,9.9,38.35,0.02
Nov,F,13.3,10.8,44.84,0.11
Nov,M,13,9.8,35.18,0.01
Nov,F,15.4,12.5,69.7,0.07
Nov,F,14.4,11.9,61.62,0.09
Nov,F,14.9,12.4,65.87,0.07
Nov,F,14.8,11.8,57.76,0.08
Nov,F,20.4,16.9,175.96,0.53
Nov,F,12.8,10.4,38.53,0.06
Nov,M,11.5,8.8,29.58,0.01
Nov,M,17.3,14.1,115.72,0.01
Nov,M,15,12.2,65.48,0.01
Nov,F,12.8,10.3,43.6,0.12
Nov,M,11.9,9.7,33.48,0.02
Nov,M,18.1,14.3,124.52,0.02
Nov,F,20.8,17.1,177.68,4.2
Nov,F,17.6,14.4,114.64,0.22
Nov,F,16.9,13.6,105.28,1.82
Nov,M,16.6,13.5,94.8,0.01
Nov,M,18.1,14.7,123.32,0.02
Nov,F,13,10.6,43.03,0.14
Nov,F,19.1,15.4,128.9,0.02
Nov,F,17.1,14.1,108.73,0.59
Nov,F,17.5,13.8,93.32,0.22
Nov,M,18.6,14.5,120.96,0.04
Nov,F,17.2,14.3,104.51,1.16
Nov,M,14.3,9.2,27.58,0.01
Nov,F,13.3,12.6,87.31,0.14
Nov,M,13.9,11.3,53.2,0.02
Nov,M,12.8,10.3,37.59,0.02
Nov,M,12.6,10.2,34.37,0.01
Nov,F,12.1,9.8,36.68,0.07
Nov,M,12.2,9.8,37.1,0.02
Nov,M,14.6,11.7,53.57,0.01
Nov,M,14.5,11.4,55.93,0.02
Nov,F,14.9,11.8,62.55,0.15
Nov,M,16.6,12.3,70.19,0.02
Nov,F,15.5,11.9,68.97,0.2
Nov,M,17.3,13.9,91.12,0.02
Nov,F,19.3,15.7,138.5,4.41
Nov,M,14.1,11.2,59.08,0.02
Nov,M,15.4,12.4,69.34,0.02
Nov,F,16.9,13.3,92.26,0.23
Nov,M,15.1,11.9,72.88,0.01
Nov,F,19.1,15.4,140.39,0.42
Nov,M,14.4,11.8,61.65,0.01
Nov,F,16.1,13,90.65,0.23
Nov,M,15.5,12.6,83.33,0.02
Nov,F,18.9,14.5,111.06,0.22
Nov,M,17.8,14.4,110.35,0.01
Nov,M,14.1,11.2,55.91,0.03
Nov,F,12.1,9.8,98.3,0.26
Nov,F,20.6,16.3,160.74,0.39
Nov,F,14.5,11.7,54.52,0.1
Nov,F,13.7,11,50.14,0.2
Nov,M,15.3,12.5,70.91,0.02
Nov,M,13.9,11.5,49.5,0.02
Nov,M,14.7,11.7,60.02,0.01
Nov,F,13.1,10.4,43.31,0.56
Nov,M,14.9,11.9,60.64,0.02
Nov,M,12.3,10.2,35.74,0.01
Nov,M,17,13.5,92.26,0.03
Nov,M,14.1,11.7,55.49,0.03
Nov,F,12.5,10.1,37.59,0.23
Nov,M,13.9,11,47.88,0.02
Nov,F,16.3,12.9,78.59,0.04
Nov,F,15.3,12.5,64.22,0.05
Nov,M,15.8,12.6,76.86,0.02
Nov,F,12.8,10.4,38.92,0.23
Nov,F,12.4,9.8,35.76,0.07
Nov,M,11.5,9.3,29.15,0.02
Nov,F,14.8,11.5,65.55,1.02
Nov,M,14.6,11.6,68.33,0.02
Nov,F,15.8,12.7,73.34,0.16
Nov,M,16.1,12.5,77.63,0.02
Nov,M,13.9,11.2,53.19,0.01
Nov,F,13.9,11.4,51.64,0.03
Nov,M,11.8,9.6,30.56,0.02
Nov,M,11.9,9.5,29.12,0.01
Nov,F,12,11.1,52.33,0.09
Nov,M,12.5,10.1,33.8,0.01
Nov,F,11.3,9.2,26.35,0.26
Nov,F,12.6,10.4,38.61,0.56
Nov,M,13.7,11.2,43.14,0.01
Dec,F,14.6,11.5,54.64,0.13
Dec,F,16.2,13.1,80.12,0.14
Dec,F,15.3,12.2,60.38,1.33
Dec,F,17.4,14.1,93.33,0.56
Dec,F,14.1,11.2,53.27,0.12
Dec,F,13.7,10.9,47.22,0.12
Dec,F,17.8,14.2,105.54,2.52
Dec,F,13.5,10.7,44.21,0.08
Dec,F,12.2,9.9,32.3,0.05
Dec,F,12.1,9.8,34.1,0.05
Dec,F,16.6,13.6,87.42,0.48
Dec,F,19.1,15.3,121.23,3.54
Dec,F,20.5,16.2,140.91,1.49
Dec,F,18.6,15.3,106.08,4.04
Dec,F,20.9,16.5,159.77,0.48
Dec,F,17.4,13.9,95.25,0.8
Dec,F,18.2,14.7,102.63,0.48
Dec,F,19.1,15.2,129.62,5.86
Dec,F,15.7,13.2,76.83,1.04
Dec,F,14.2,11.5,49.53,0.12
Dec,F,16.3,13.5,87.32,1.72
Dec,F,12.6,10.4,38.17,2.32
Dec,F,19.6,15.4,121.87,0.09
Dec,F,17.9,14.5,88.12,4.18
Dec,F,18,14.5,101.06,0.09
Dec,F,17.4,14.2,98.81,0.09
Dec,F,13.6,11.2,50.28,0.15
Dec,F,15.8,19.8,125.4,4.75
Dec,F,13.2,10.7,43.81,0.06
Dec,F,17.3,14.2,89,2.38
Dec,F,14.2,11.7,55.39,0.25
Dec,F,14.9,12.3,70.89,1.48
Dec,F,14.1,11.5,56.37,0.01
Dec,F,16.9,13.7,87.05,1.52
Dec,F,15.4,12.5,67.43,0.14
Dec,F,11.3,14.2,52.4,0.1
Dec,F,21.6,17.9,191.6,5.12
Dec,F,18.6,15.6,114.82,4.85
Dec,F,20.7,16.7,144.11,2.79
Dec,F,18.5,15,107.47,0.27
Dec,F,18.6,15.1,110.63,1.43
Dec,F,16.5,12.6,70.71,1.33
Dec,F,18.4,14.7,104.57,0.34
Dec,F,14.4,11.7,55.04,1.49
Dec,F,15.6,12.6,79.24,3.02
Dec,F,16.9,13.8,101.91,5.05
Dec,F,13.8,11.3,52.36,0.16
Dec,F,16.9,13.4,88.75,0.85
Dec,F,15.3,12.6,72.97,3.63
Dec,F,17.1,14,93.27,0.49
Dec,F,12.6,10.2,38.26,3.06
Dec,F,11.4,9.2,26.94,0.62
Dec,F,15.4,12.4,65.08,0.04
Dec,F,11.6,9.2,28.68,4.21
Dec,F,11.9,9.4,33.44,0.05
Dec,F,11.9,9.2,26.69,0.12
Dec,F,11.4,9.2,27.53,0.05
Dec,F,12.2,10.1,32.82,0.06
Dec,F,12.7,10.3,39.37,0.05
Dec,F,14.2,10.6,54.45,0.26
Dec,F,12.3,10.2,33.72,0.01
Dec,F,13.2,10.5,38.26,0.08
Dec,F,13.5,10.9,40.67,0.1
Dec,F,15.3,12.5,66.12,0.29
Dec,F,12.4,10.2,37.44,0.06
Dec,F,12.8,10.4,43.14,0.16
Dec,M,13.8,11.3,53.14,0.02
Dec,M,12.4,9.9,36.14,0.01
Dec,M,10.2,7.9,18.93,0.02
Dec,M,16.2,12.1,66.53,0.01
Dec,M,19.1,15,131.99,0.03
Dec,M,17.7,14.1,90.93,0.08
Dec,M,12.9,10.5,36.58,0.01
Dec,M,13.9,11.3,48.62,0.02
Dec,M,13.4,10.3,42.92,0.01
Dec,M,12.3,9.6,31.15,0.02
Dec,M,16.2,13.1,64.31,0.08
Dec,M,12.5,10.2,38.16,0.02
Dec,M,17.2,13.8,90.09,0.02
Dec,M,18.1,11.2,45.75,0.02
Dec,M,15.3,12.5,65.38,0.03
Dec,M,12.3,10.2,34.51,0.02
Dec,M,13.5,10.6,44.21,0.02
Dec,M,18.7,14.7,106.24,0.02
Dec,M,17.8,13.9,88.45,0.06
Dec,M,13.3,10.3,41,0.02
Dec,M,18.3,14.9,111.92,0.02
Dec,M,19.6,15.5,131.26,0.02
Dec,M,14.1,11.3,53.15,0.02
Dec,M,11.4,9.5,28.59,0.06
Dec,M,16.9,13.6,89.49,0.04
Dec,M,11.3,9.2,25.82,0.06
Dec,M,15.4,12.3,66.61,0.02
Dec,M,16.3,12.9,18,0.01
Dec,M,19.3,15.6,134.53,0.02
Dec,M,14.1,11.4,58.67,0.01
Dec,M,12.2,10,35.59,0.02
Dec,M,18.9,15,119.09,0.04
Dec,M,14,11.4,52.75,0.01
Dec,M,12.9,10.6,40.74,0.02
Dec,M,16.9,13.3,84.25,0.03
Dec,M,12.6,10.2,34.74,0.02
Dec,M,15.7,13.1,75.76,0.02
Dec,M,12.2,10.6,40.55,0.02
Dec,M,18,14.5,109.87,0.08
Dec,M,15.8,12.8,78.22,0.01
Dec,M,18.7,14.9,114.21,0.01
Dec,M,14.2,11.7,59.81,0.06
Dec,M,14.1,11.3,52.6,0.01
Dec,M,14.6,12.1,55.21,0.01
Dec,M,16.1,12.8,80.92,0.02
Dec,M,13.4,11.7,42.05,0.02
Dec,M,18.7,14.3,106.78,0.02
Dec,M,12.7,10.2,39.2,0.04
Dec,M,12.1,9.8,33.77,0.01
Dec,M,12.5,10,36.25,0.01
Dec,M,18,14.6,108.14,0.02
Jan,F,20.2,15.9,144.95,0.49
Jan,F,18.7,14.6,106.31,0.03
Jan,F,16.1,13.3,88.4,0.5
Jan,F,20,16.1,139.24,0.75
Jan,F,17.5,13.9,107.28,0.01
Jan,F,19.7,15.6,138.46,0.63
Jan,F,19.9,15.7,131.8,0.35
Jan,F,16.7,13.3,78.86,0.11
Jan,F,18.2,14.5,93.97,0.03
Jan,F,18.3,14.1,98.56,0.77
Jan,F,17.9,14.1,106.07,0.61
Jan,F,18.7,14.6,115.67,0.25
Jan,F,16.7,13.2,88.26,0.07
Jan,F,17,14.6,106.1,0.57
Jan,F,14.1,11.1,51.24,0.11
Jan,F,14.9,12.4,61.23,0.01
Jan,F,13.6,10.9,41.89,0.07
Jan,F,15.9,12.6,76.88,0.02
Jan,F,15.7,12.4,72.43,0.13
Jan,F,15.8,12.7,76.85,0.22
Jan,F,14.9,12,65.26,0.01
Jan,F,16.9,13.9,94.42,0.59
Jan,F,15.6,10.7,44.2,0.01
Jan,F,14.2,11.2,48.44,0.37
Jan,F,16.7,13,83.9,0.01
Jan,F,13.8,11,49.18,0.14
Jan,F,15.2,11.6,69.43,0.15
Jan,F,15.7,12.5,76.11,0.25
Jan,F,13.9,11.5,47.51,0.03
Jan,F,14.4,11.4,54.43,0.13
Jan,F,16.7,13.2,82.97,0.74
Jan,F,13.2,10.5,41.82,0.05
Jan,F,13.1,10.4,39.45,0.07
Jan,F,14.8,11.2,63.67,0.11
Jan,F,16.2,12.6,80.66,0.36
Jan,F,14.6,11.6,61.94,0.17
Jan,F,14.6,11.7,62.82,0.2
Jan,F,17.8,13.9,88.53,0.14
Jan,F,14.8,11.6,57.43,0.02
Jan,F,17.1,13.3,86.31,0.15
Jan,F,14.8,11.5,57.57,0.01
Jan,F,14.5,11.5,48.13,0.01
Jan,F,15.3,12.2,64.48,0.01
Jan,F,15.9,12.8,79.63,0.02
Jan,F,14.2,11.4,59.76,0.28
Jan,F,14.3,10.9,67.89,0.17
Jan,F,14.9,11.7,55.46,0.06
Jan,F,14.8,11.7,61.9,0.07
Jan,F,15.2,11.8,62.56,0.13
Jan,F,15.5,11.9,68.39,0.09
Jan,F,14.9,12.1,62.88,0.12
Jan,F,15.8,12.7,74.34,0.27
Jan,F,16.9,12.9,79.16,0.03
Jan,F,13.3,10.4,40.01,0.01
Jan,F,13.1,10.4,42.28,0.1
Jan,F,12.6,10,38.46,0.08
Jan,F,15.9,12.6,76.05,0.14
Jan,F,14.4,11.7,54.87,0.7
Jan,F,14.5,11.4,59.29,0.02
Jan,F,18.4,13.2,86.57,0.2
Jan,F,13.2,10.5,40.07,0.03
Jan,F,12.4,9.8,39.25,0.06
Jan,F,16.7,13.2,82.77,0.02
Jan,F,18.1,14.1,94.83,0.11
Jan,F,15.8,12.3,78.67,0.14
Jan,F,14.8,11.6,63,0.09
Jan,F,14.3,11.2,57.52,0.09
Jan,M,19.7,15.5,119.65,0.05
Jan,M,19.6,15.7,139.74,0.07
Jan,M,19.4,15.1,127.31,0.02
Jan,M,17.3,14.3,110.19,0.01
Jan,M,17.6,13.5,95.07,0.01
Jan,M,17.6,14,104.75,0.01
Jan,M,18.9,14.9,103.98,0.01
Jan,M,18,14,112.13,0.01
Jan,M,17.1,13.7,92.56,0.01
Jan,M,18.3,14.5,121.79,0.01
Jan,M,15.8,12.5,67.19,0.01
Jan,M,18.5,14.5,110.71,0.01
Jan,M,16.7,13.1,77.83,0.01
Jan,M,15.7,12.6,73.48,0.01
Jan,M,17.8,14.2,101.17,0.02
Jan,M,14.7,11.7,64.18,0.02
Jan,M,13.9,11.2,48.81,0.01
Jan,M,15.8,12.8,71.65,0.02
Jan,M,15.6,12.5,71.67,0.01
Jan,M,15.4,12.4,69.58,0.01
Jan,M,17.5,13.8,89.13,0.01
Jan,M,15.2,11.7,59.36,0.01
Jan,M,15.3,12.5,67.5,0.01
Jan,M,14.9,11.6,59.17,0.01
Jan,M,17.1,13.2,87.57,0.01
Jan,M,15.7,12.6,69.31,0.01
Jan,M,15.2,12.1,57.37,0.01
Jan,M,18,14.4,102.67,0.02
Jan,M,13.5,10.6,44.12,0.01
Jan,M,16,12.9,82.45,0.02
Jan,M,15.4,12.2,65.62,0.01
Jan,M,14.9,11.6,64.36,0.01
Jan,M,13.3,10.5,42.97,0.01
Jan,M,15.4,12.2,67.92,0.01
Jan,M,12.9,10.6,38.66,0.05
Jan,M,13.8,10.6,51.6,0.01
Jan,M,15.7,12.5,75.24,0.02
Jan,M,15.4,11.9,70.95,0.01
Jan,M,14.1,11.2,55.61,0.02
Jan,M,13.6,10.9,42.62,0.01
Jan,M,14,10.9,52.35,0.09
Jan,M,12.1,9.6,38.17,0.02
Feb,M,14.6,11.5,53.37,0.01
Feb,F,12,9.5,30.25,0.09
Feb,F,12.4,10,33.73,3.23
Feb,F,12.6,10.3,35.79,0.63
Feb,F,13.2,10.5,41.07,0.09
Feb,F,13.2,10.6,42.54,0.09
Feb,F,13.9,10.6,48.89,0.13
Feb,F,13.7,10.9,46.25,0.1
Feb,F,13.5,11.1,44.13,0.18
Feb,F,13.9,11.2,49.76,0.07
Feb,F,14.6,11.2,57.88,0.73
Feb,F,14.2,11.3,53.75,0.12
Feb,F,14.4,11.4,51.97,0.13
Feb,F,14.4,11.5,53.73,0.15
Feb,F,14.5,11.6,54.91,3.89
Feb,F,14.9,11.9,60.98,0.92
Feb,F,14.8,12.1,63.98,0.1
Feb,F,15.3,12.1,62.08,0.24
Feb,F,15.3,12.4,60.43,0.87
Feb,F,13.5,12.5,68.08,0.22
Feb,F,15.6,12.5,68.44,0.22
Feb,F,16.7,12.5,74.45,1.17
Feb,F,15.9,12.6,75.89,0.31
Feb,F,16.1,12.7,76.33,4.09
Feb,F,15.8,12.7,85.77,2.9
Feb,F,15.4,12.7,70.22,0.3
Feb,F,16.2,12.9,70.21,3.14
Feb,F,16,12.9,73.66,2.05
Feb,F,16.2,13.2,80.87,2.14
Feb,F,16.5,13.2,81.15,1.27
Feb,F,16.9,13.3,91.93,0.37
Feb,F,16.7,13.5,76.73,2.07
Feb,F,16.2,13.5,77.77,1.8
Feb,F,17,13.6,87.01,1.15
Feb,F,17.6,13.8,89.14,3.09
Feb,F,17.4,13.9,105.21,0.14
Feb,F,18.8,14,100.95,2.43
Feb,F,17.9,14.2,97.69,1.23
Feb,F,17.1,14.2,103.21,3.03
Feb,F,17.8,14.2,95.81,0.84
Feb,F,17.6,14.2,89.62,2
Feb,F,18.4,14.2,103.88,0.04
Feb,F,18.5,14.7,119.08,0.89
Feb,F,18.8,14.7,101.7,2.99
Feb,F,19.4,15.5,129.46,2.06
Feb,F,19,15.5,121.66,2.1
Feb,F,20.1,16.1,141.42,3.57
Feb,F,20.3,16.2,140.66,2.73
Feb,F,20.1,16.7,172.5,3.67
Feb,F,20.7,16.7,156.02,1.32
Feb,F,20.6,16.7,164.05,1.97
Feb,F,20.6,16.7,140.49,1.07
Feb,F,21.8,16.9,182.36,1.58
Feb,F,21.3,17.2,160.68,2.53
Feb,F,22.5,17.7,200.86,5.61
Feb,M,12.5,10.1,34.33,0.02
Feb,M,12.7,10.2,39,0.02
Feb,M,13.3,10.5,45.67,0.02
Feb,M,13.2,10.6,39.52,0.02
Feb,M,13.5,10.6,41.1,0.02
Feb,M,13.5,10.7,42.33,0.02
Feb,M,13.4,10.7,45.54,0.02
Feb,M,13.6,10.8,39.63,0.1
Feb,M,13.9,10.9,50.17,0.02
Feb,M,13.6,10.9,44.79,0.02
Feb,M,13.7,11,50.13,0.02
Feb,M,13.9,11.1,47.77,0.02
Feb,M,13.7,11.2,46.34,0.02
Feb,M,13.8,11.2,49.89,0.02
Feb,M,14.5,11.3,51.79,0.02
Feb,M,14.5,11.3,54.62,0.02
Feb,M,14.2,11.3,53.94,0.7
Feb,M,15.1,11.6,56.23,0.06
Feb,M,14.8,11.6,59.97,0.02
Feb,M,14.9,11.7,62.82,0.02
Feb,M,14.9,11.8,62.52,0.02
Feb,M,15.8,12.1,69.64,0.02
Feb,M,15,12.1,60.88,0.02
Feb,M,15.8,12.1,69.62,0.02
Feb,M,15.7,12.5,68.26,0.02
Feb,M,15.9,12.6,68.83,0.02
Feb,M,16.1,12.7,79.35,0.02
Feb,M,16.4,12.7,78,0.05
Feb,M,16.1,12.8,76.11,0.05
Feb,M,15.8,12.9,67.3,0.02
Feb,M,16.5,13.2,76.63,0.04
Feb,M,16.4,13.2,84.13,0.03
Feb,M,16.2,13.2,88.16,0.03
Feb,M,16.4,13.4,81.5,0.02
Feb,M,16.5,13.4,84.07,0.05
Feb,M,16.7,13.5,87.65,0.02
Feb,M,16.8,13.6,78.32,0.04
Feb,M,17.5,13.6,90.97,0.02
Feb,M,17,13.6,96.07,0.02
Feb,M,16.9,13.7,88.44,0.02
Feb,M,18.2,14,116.76,0.03
Feb,M,18.5,14.6,112.78,0.04
Feb,M,19.4,15.3,135.34,0.02
Feb,M,19.7,15.6,115.86,0.06
Mar,M,19.6,15.7,142.7,0.16
Mar,F,12.4,9.7,34.25,0.12
Mar,F,12.5,10.2,35.92,0.05
Mar,F,12.6,10.6,37.8,0.13
Mar,F,14.6,11.8,54.8,0.13
Mar,F,13,10.6,37.95,0.04
Mar,F,13.9,10.9,48.82,0.19
Mar,F,16.7,13.5,88.69,0.88
Mar,F,11.9,9.9,31.99,0.9
Mar,F,15,12.3,61.26,0.17
Mar,F,13.9,11.2,46.21,0.18
Mar,F,16.2,12.8,64.91,0.12
Mar,F,13.3,10.3,42.04,0.17
Mar,F,15.9,12.9,74.65,0.13
Mar,F,20.1,15.6,130.95,0.32
Mar,F,19.1,15.3,121.02,0.06
Mar,F,21.6,17.5,177.5,0.38
Mar,F,18.6,14.9,110.16,0.24
Mar,F,16.5,13.6,76.95,0.06
Mar,F,23.8,18.6,205.42,0.54
Mar,F,12.9,10.5,38.75,0.06
Mar,F,12,9.2,33.47,0.05
Mar,F,12.4,9.9,38.65,0.09
Mar,F,12.7,10.4,44.05,0.24
Mar,F,20.1,16.9,176.22,0.86
Mar,F,16,13.8,106.7,1.07
Mar,F,19,15.3,150.34,3.2
Mar,F,13.6,10.9,51.26,0.06
Mar,F,14.4,11.9,63.36,0.46
Mar,F,14.3,11.5,53.28,0.14
Mar,F,16.9,13.8,93.39,0.4
Mar,F,12.2,9.9,38.35,0.02
Mar,F,13.3,10.8,44.84,0.11
Mar,F,15.4,12.5,69.7,0.07
Mar,F,14.4,11.9,61.62,0.09
Mar,F,14.9,12.4,65.87,0.07
Mar,F,14.8,11.8,57.76,0.08
Mar,F,20.4,16.9,175.96,0.53
Mar,M,11.2,8.4,26.91,0.02
Mar,M,17.3,13.5,87.35,0.02
Mar,M,12.3,9.7,32.41,0.02
Mar,M,18.6,14.6,115.08,0.02
Mar,M,13.5,10.8,48.3,0.04
Mar,M,12.9,10.5,40.63,0.05
Mar,M,17.3,13.8,85.44,0.02
Mar,M,16.4,13.6,79.59,0.02
Mar,M,12.5,10.2,40.27,0.02
Mar,M,11.2,8.9,25.59,0.02
Mar,M,11.9,9.8,30.06,0.02
Mar,M,20.1,16.1,131.07,0.65
Mar,M,15.1,12.4,61.68,0.03
Mar,M,18.1,13.7,94.5,0.02
Mar,M,12,9.6,30.77,0.01
Mar,M,17.6,14.5,100.68,0.04
Mar,M,14.9,12.3,60.37,0.01
Mar,M,13.2,10.7,46.3,0.01
Mar,M,19.8,15.4,127.41,0.04
Apr,F,17.7,13.9,91.67,0.25
Apr,F,16.4,12.6,80.97,0.89
Apr,F,16.6,12.5,94.07,0.98
Apr,F,16.9,13.6,95.24,0.36
Apr,F,16.7,12.9,92.29,4.79
Apr,F,17.6,13.5,106.47,0.66
Apr,F,16,12.4,88.52,0.27
Apr,F,16.1,12.3,83.13,0.25
Apr,F,15.9,12,80.82,0.12
Apr,F,16.1,12.4,77.72,0.43
Apr,F,15.2,11.5,72.29,5.04
Apr,F,19.7,15.1,133.51,8.52
Apr,F,17.2,13.2,93.63,0.95
Apr,F,15.4,11.7,69.09,0.13
Apr,F,14.5,11.2,67.89,1.02
Apr,F,15.5,11.9,72.56,0.28
Apr,F,15,11.5,66.37,0.52
Apr,F,16.9,12.9,98.49,0.42
Apr,F,13.2,10.2,47.34,0.37
Apr,F,12.2,9.4,38.32,0.1
Apr,F,12.9,10.1,45.54,0.14
Apr,F,13.6,10.8,55.36,0.09
Apr,F,13.4,10.2,50.28,0.18
Apr,F,13.4,10.2,49.52,0.18
Apr,F,11.7,9.2,35.55,0.08
Apr,F,13.4,10.1,51.75,0.16
Apr,F,13.9,10.6,53.02,0.23
Apr,F,13.7,10.4,47.23,0.07
Apr,F,10.8,8.2,26.38,0.28
Apr,F,12.9,9.7,42.54,0.08
Apr,F,13.7,10.5,46.85,1.32
Apr,F,13.4,10.2,50.37,0.02
Apr,F,12.7,9.6,43.11,0.1
Apr,F,13.6,10.4,50.68,0.21
Apr,F,11.8,8.9,34.83,0.06
Apr,F,11.3,8.5,31.2,0.08
Apr,F,12.2,9.4,33.58,0.06
Apr,F,12.8,9.9,41.13,0.07
Apr,F,11.6,8.8,33.32,0.07
Apr,F,11.5,8.6,34.02,0.07
Apr,F,12.4,9.4,39.11,0.09
Apr,F,12.6,9.5,42.95,0.08
Apr,F,13,9.8,39.26,0.27
Apr,F,11.1,8.3,27.35,0.07
Apr,F,13.5,10.2,46.37,0.03
Apr,F,12.1,9.4,38.78,0.05
Apr,F,11.9,9.1,33.18,0.08
Apr,F,11.6,8.9,32.21,0.15
Apr,F,12.6,9.5,37.32,0.11
Apr,F,12.7,9.5,40.34,0.08
Apr,F,13.7,10.5,46.54,0.39
Apr,F,13.2,10.2,46.29,0.13
Apr,F,13.4,9.8,46.19,0.17
Apr,F,13.3,10.1,45.53,0.08
Apr,F,13.7,10.4,50.11,0.12
Apr,F,14,10.8,54.54,0.12
Apr,F,14,10.8,52.71,0.17
Apr,F,12.3,9.3,39.73,0.08
Apr,F,13.9,10.3,50.83,0.11
Apr,F,14.3,9.8,57.12,0.19
Apr,F,13.2,10.1,45.88,0.14
Apr,F,11.9,9.2,33.89,0.07
Apr,F,14.9,10.4,54.58,0.19
Apr,M,16.7,12.7,82.98,0.04
Apr,M,15.9,12.2,77.49,0.02
Apr,M,15.7,12,77.54,0.02
Apr,M,17.7,13.9,107.75,0.05
Apr,M,16.9,12.9,94.8,0.02
Apr,M,14,10.9,59.14,0.02
Apr,M,14.1,10.9,57.33,0.03
Apr,M,14.3,10.9,53.41,0.02
Apr,M,14.3,11,62.72,0.02
Apr,M,12,9.1,37.42,0.02
Apr,M,12.2,9.5,36.62,0.01
Apr,M,12.9,9.8,43.89,0.02
Apr,M,13.6,10.5,53.29,0.02
Apr,M,13,10.2,43.8,0.02
Apr,M,12.2,9.2,37.71,0.02
Apr,M,13.9,10.6,52.27,0.02
Apr,M,13.4,10.6,45.84,0.01
Apr,M,13.8,10.5,50.06,0.01
Apr,M,14.1,10.7,54.84,0.02
Apr,M,12.3,9.2,38.54,0.02
Apr,M,11.9,9.5,36.77,0.02
Apr,M,11.5,8.5,28.36,0.02
Apr,M,12.6,9.5,40.97,0.02
Apr,M,11,8.2,32.42,0.02
Apr,M,13.3,10.2,47.67,0.02
Apr,M,12.1,9.4,36.37,0.02
Apr,M,13.4,10.4,47.11,0.02
Apr,M,11.5,8.9,32.11,0.01
Apr,M,11.6,8.9,33.04,0.01
Apr,M,12.7,9.2,38.54,0.01
Apr,M,12.2,9.3,37.83,0.01
Apr,M,11.2,8.3,26.32,0.01
Apr,M,12.7,9.6,39.89,0.01
Apr,M,12.1,9.1,33.36,0.01
Apr,M,11.2,8.3,27.27,0.01
Apr,M,12.5,9.4,36.95,0.01
Apr,M,12.9,9.6,40.77,0.01
Apr,M,11.6,9,34.45,0.01
Apr,M,13.6,10.1,43.7,0.02
Apr,M,12.8,9.9,44.62,0.02
Apr,M,14.5,11.1,48.06,0.02
Apr,M,13.4,10.11,44.89,0.02
Apr,M,12.4,9.5,35.09,0.01
Apr,M,12.9,9.7,39.97,0.01
May,F,18.4,14.3,103.58,0.31
May,F,15.9,12.3,69.2,0.52
May,F,14.9,11.5,53.97,0.2
May,F,15,12.3,70.14,0.04
May,F,14.7,11.2,57.88,0.11
May,F,13.9,10.8,53.98,0.12
May,F,15.3,11.6,61.73,0.16
May,F,15.4,11.9,63.41,0.02
May,F,16.6,13.2,92.43,0.49
May,F,15.2,11.8,59.45,0.24
May,F,19.2,15,118.65,3.24
May,F,13.5,10.5,40.26,0.16
May,F,14.7,11.2,59.23,0.13
May,F,12,9,29.11,0.09
May,F,13.2,10.4,44.77,0.08
May,F,17.2,13.5,92,0.72
May,F,14.7,11.4,56.36,0.15
May,F,17.5,13.4,88.5,0.27
May,F,14,10.5,46.69,0.08
May,F,14.9,11.4,55.07,0.13
May,F,19.5,14.3,118.34,0.4
May,F,14.6,11.4,55.99,0.2
May,F,12.1,9,30.86,0.06
May,F,16.6,13,95.77,0.43
May,F,14.5,11.1,53.05,0.3
May,F,16.2,12.4,87.38,0.24
May,F,16.6,12.7,78.93,0.14
May,F,13.4,10.2,45.5,0.06
May,F,14.1,11.1,50.62,0.13
May,F,16.3,12.4,75.6,0.12
May,F,12.5,9.5,34.35,0.04
May,F,14.3,11.2,54.78,0.2
May,F,15.2,11.9,67.29,0.15
May,F,14.2,10.9,45.97,0.16
May,F,16,12.4,74.4,0.26
May,F,14.2,9.5,55.02,0.09
May,F,12.8,10,31.74,0.23
May,F,16.9,13.2,90.45,0.4
May,F,22.2,17.2,182.62,1.08
May,F,14.2,11.2,49.7,0.06
May,F,13.4,10.4,41.66,0.15
May,F,15.9,12.2,68.24,0.3
May,F,14.7,11.4,60.07,0.12
May,F,12.8,10.1,34.13,0.04
May,F,13.4,10.5,43.67,0.03
May,F,13.6,10.5,45.09,0.09
May,M,19.6,15.3,113.22,0.02
May,M,16.4,12.5,67.21,0.1
May,M,18.3,13.9,90.7,0.02
May,M,14.3,11.1,45.2,0.02
May,M,13.7,10.4,40.07,0.02
May,M,14.7,11.2,59.92,0.02
May,M,15.3,11.9,63.36,0.01
May,M,15,11.6,60.27,0.02
May,M,14.8,11.5,49.51,0.02
May,M,13.9,10.8,44.21,0.02
May,M,16.9,12.7,79.9,0.01
May,M,18.1,14.1,91.68,0.05
May,M,16,12.5,70.59,0.01
May,M,18.6,14.4,107.8,0.03
May,M,16.1,12.5,73.5,0.01
May,M,15.4,12.1,63.37,0.01
May,M,15.2,11.5,56.48,0.01
May,M,16.7,12.9,78.02,0.02
May,M,18.6,14.1,104.65,0.02
May,M,14.4,11.1,55.48,0.01
May,M,14.7,11.2,58.5,0.02
May,M,13.7,11.5,45.92,0.01
May,M,14.7,11.2,49.25,0.01
May,M,16.2,12.1,74.11,0.01
May,M,13.5,10.4,41.66,0.01
May,M,17.5,13.5,92.7,0.02
May,M,14,10.8,48.87,0.01
May,M,14.6,11.1,49.5,0.01
May,M,14.4,11.2,55.37,0.01
May,M,14.5,11,52.94,0.01
May,M,14.4,11.2,54.24,0.02
May,M,16.1,12.6,73.92,0.05
May,M,15.8,12.2,64.78,0.02
May,M,14.1,11,55.75,0.01
May,M,12,9.5,30.1,0.01
May,M,13.2,10.1,42.31,0.08
May,M,16,12.5,68.85,0.02
May,M,14.7,11.4,57.2,0.02
May,M,13.8,10.6,48.16,0.01
May,M,11.4,8.8,24.34,0.02
May,M,15.2,11.9,66.89,0.02
May,M,14.3,10.9,53.79,0.02
May,M,17.3,13.3,82.18,0.02
May,M,19.6,14.9,106.54,0.02
May,M,17.1,13.2,89,0.02
May,M,13.5,10.4,42.34,0.01
May,M,17,12.7,80.62,0.02
May,M,13.6,10.6,51.57,0.02
Jun,M,12.7,9.6,30.93,0.01
Jun,F,20.4,16.1,142.9,0.8
Jun,F,20.2,15.4,151.6,0.3
Jun,F,18.09,14.5,121.8,0.6
Jun,F,17.2,13.2,90.4,0.3
Jun,F,15.9,12.5,80,0.3
Jun,F,18.4,14,117.6,0.7
Jun,F,18,13.3,104.5,1.4
Jun,F,17.8,13.9,97.6,0.3
Jun,F,16.1,12.4,80.1,0.3
Jun,F,12.7,16.1,154.8,0.5
Jun,F,17.5,13.4,95,0.02
Jun,F,19.7,15.4,134.6,0.6
Jun,F,16.7,13,82.1,1
Jun,F,21.8,16.4,158.4,0.3
Jun,F,16.8,12.8,91,0.9
Jun,F,15.2,12.2,144.3,0.4
Jun,F,16.1,12.5,80.3,0.4
Jun,F,19.3,14.9,131,0.4
Jun,F,17.5,13.7,100.7,0.1
Jun,F,16.2,12.5,68.3,0.5
Jun,F,18.4,14,112.5,0.3
Jun,F,15.9,12.3,75.1,0.3
Jun,F,17.1,13.2,87.7,0.3
Jun,F,15.6,11.8,70.7,0.7
Jun,F,16.4,12.6,78.3,0.3
Jun,F,12.9,9.8,42.5,0.1
Jun,M,20.7,16.2,167.2,0.02
Jun,M,19.8,15,129,0.01
Jun,M,16.5,12.5,88.7,0.02
Jun,M,15.8,12.1,74,0.02
Jun,M,17.6,13.5,95.2,0.02
Jun,M,17.9,13.6,98.7,0.02
Jun,M,16.5,12.5,87,0.02
Jun,M,18.8,14.9,123.2,0.02
Jun,M,16.4,12.6,83.5,0.2
Jun,M,18.9,14.4,114.8,0.02
Jun,M,19.8,15.2,137.4,0.02
Jun,M,18.7,13.9,111.4,0.02
Jun,M,18.3,13.8,109.4,0.02
Jun,M,17.1,14.1,105.3,0.02
Jun,M,16.4,12.5,85.1,0.01
Jun,M,15.2,11.4,63.1,0.02
Jun,M,16.2,12.1,72.3,0.02
Jun,M,16.6,12.5,82.7,0.02
Jun,M,19.2,14.9,115.2,0.03
Jun,M,17.4,13.5,91.6,0.02
Jun,M,17.4,13.8,91,0.02
Jun,M,16.4,12.6,90.1,0.02
Jun,M,16.3,12.5,63.8,0.02
Jun,M,15.2,11.4,67,0.02
Jun,M,18.7,14,116.8,0.02
Jun,M,18.7,14.5,101.3,0.02
Jun,M,14.4,19,114.5,0.3
Jul,M,16.7,13,76.95,0.07
Jul,M,14.2,11,51.5,0.02
Jul,M,19.8,15.1,131.86,0.14
Jul,M,16.5,12.9,86.96,0.05
Jul,M,14.2,11,52.53,0.02
Jul,M,16.5,12.6,83.76,0.02
Jul,M,13.6,10.4,47.94,0.02
Jul,M,18.4,14,112.7,0.04
Jul,M,12.9,9.8,41.81,0.02
Jul,M,13.2,9.09,44.64,0.02
Jul,M,16.2,12.6,79.93,0.1
Jul,M,12.4,9.5,34.41,0.02
Jul,M,15.8,12.2,73.24,0.02
Jul,M,10.9,8.4,28.7,0.02
Jul,M,12.4,9.6,37.67,0.04
Jul,M,14.9,11.4,66.15,0.04
Jul,M,11.9,9,33.15,0.02
Jul,M,15.8,12.1,70.42,0.03
Jul,M,13.5,10,48.48,0.03
Jul,M,13.7,10.5,49.62,0.02
Jul,M,13.9,10.6,47.41,0.02
Jul,M,11.4,8.5,28.21,0.01
Jul,M,12.2,9.4,29.24,0.01
Jul,F,14.6,11.5,54.92,0.18
Jul,F,19.4,14.8,138.47,1.07
Jul,F,19.1,14.4,113.36,2.56
Jul,F,14.2,11.5,55.74,0.53
Jul,F,15,11.4,66.44,5.29
Jul,F,14.3,11.1,60.11,0.16
Jul,F,14.6,11.2,58.36,1.09
Jul,F,12.5,9.5,36.84,0.29
Jul,F,14,10.6,53.59,0.21
Jul,F,15.2,11.5,46.35,0.67
Jul,F,13.4,10.4,46.35,0.31
Jul,F,13.3,10.2,44.42,2.41
Jul,F,12.9,9.9,41.15,0.12
Jul,F,14.9,11.5,66.6,0.21
Jul,F,12.5,9.6,34.86,0.16
Jul,F,13.4,10.1,42.52,0.12
Jul,F,20.2,15.5,127.31,0.43
Jul,F,14.9,12.1,71.73,0.91
Jul,F,17.5,13.5,96.7,7.09
Jul,F,12.4,9.5,36.44,0.06
Jul,F,14.8,11.2,57.29,0.41
Jul,F,13.1,10.2,44.24,0.11
Jul,F,12.9,10,42.16,0.32
Jul,F,13.7,10.5,53.83,0.24
Jul,F,12.5,9.4,34.66,0.09
Jul,F,11.9,9.1,29.04,0.17
Jul,F,14.5,11.5,55.8,0.33
Aug,M,15.4,12,72.73,0.03
Aug,F,16.5,12.4,72.22,1.93
Aug,M,20.3,15.2,147.15,0.09
Aug,F,15.9,12.4,67.38,2.11
Aug,M,20.6,15.5,152.3,0.11
Aug,F,18.7,14.1,89.82,0.18
Aug,M,13.6,10.1,42.11,0.02
Aug,M,14.8,11.6,57.5,0.04
Aug,M,15.7,12,67.2,0.03
Aug,F,10.9,8.5,26.63,0.1
Aug,F,14.4,11,54.48,3.67
Aug,F,13.4,10.1,45.11,0.16
Aug,M,17,13.1,87.92,0.02
Aug,M,14.2,10.9,50.19,0.02
Aug,M,17.2,13.2,91.99,0.06
Aug,M,17.1,13.9,98.74,0.06
Aug,F,17.1,12.9,82.95,0.03
Aug,M,15.1,11.2,55.5,0.05
Aug,M,18.8,14.5,99.66,0.03
Aug,M,17.4,13.4,94.83,0.06
Aug,M,15.4,11.9,66.47,0.02
Aug,M,16.2,12.5,74.05,0.02
Aug,M,11.7,9.1,31.33,0.1
Aug,M,15.9,12.2,70.83,0.02
Aug,M,16.3,12.4,74.29,0.04
Aug,M,12.2,9.5,33.28,0.03
Aug,F,13.4,10.2,39.33,0.36
Aug,F,15.3,11.6,62.74,1.29
Aug,F,18.2,14.2,120.7,1.03
Aug,M,12.6,9.6,35.51,0.02
Aug,M,15.1,10.3,53.7,0.02
Aug,M,14.5,11.2,55.09,0.06
Aug,M,15.3,11.9,60.1,0.03
Aug,M,15.4,11.7,66.46,0.01
Aug,M,18.9,14.2,107.81,0.09
Aug,M,14.1,10.9,48.62,0.02
Aug,M,15.9,11.9,73.77,0.05
Aug,M,15.4,11.5,62.74,0.09
Aug,M,19.6,14.4,125.2,0.05
Aug,F,12.9,10,41.34,0.43
Aug,M,18.7,14,104.78,0.05
Aug,F,16.2,12.6,44.22,0.21
Aug,F,13.1,10.1,45.3,0.08
Aug,M,15.9,12.4,62.25,0.12
Aug,M,11.9,9.2,33.57,0.01
Aug,M,16.9,12.8,75.12,0.02
Aug,F,12.9,10,37.14,0.11
Aug,F,12.1,9.2,34.92,0.09
Aug,F,17,13.2,74.39,0.44
Aug,M,14.5,11,59.84,0.01
Aug,M,14.9,11.5,55.27,0.02
Aug,M,12,9,23.67,0.01
Aug,M,11.4,8.6,25.96,0.01
Aug,M,12.1,9.5,25.36,0.01
Aug,F,15.8,12.4,74.1,1.3
Aug,M,12.9,9.6,34.36,0.02
Aug,M,11.8,9.2,24.95,0.02
Aug,F,15.2,11.4,58.89,0.21
Sept,F,19.1,14.5,119.21,1.58
Sept,F,21.2,15.9,168.56,7.17
Sept,F,17.7,13.5,103.24,0.44
Sept,F,16.5,12.4,82.54,0.27
Sept,F,16,12.4,83.7,4.67
Sept,F,15.6,11.6,69.88,0.12
Sept,F,14.6,10.8,63.12,0.21
Sept,F,16,12.2,82.18,0.32
Sept,F,15.4,11.9,67.73,0.21
Sept,F,14.2,10.8,51.75,0.16
Sept,F,15,11.2,67.93,0.29
Sept,F,13.7,10.4,48.98,0.11
Sept,F,15.5,11.9,66.16,0.21
Sept,F,13.2,10,48.05,0.1
Sept,F,13,9.6,46.12,0.18
Sept,F,11.5,8.8,31.63,0.04
Sept,F,12.5,9.4,35.47,0.05
Sept,F,13.1,9.8,41.76,0.59
Sept,F,12.8,9.6,33.72,0.07
Sept,F,15.1,11.4,50.32,0.28
Sept,F,13.5,10.5,49.7,0.33
Sept,F,12.3,9.4,37.48,0.08
Sept,F,14.4,10.8,61,0.14
Sept,F,11.6,9,29.98,0.01
Sept,F,12.9,10.2,40.21,0.06
Sept,F,14.4,10.9,53.86,0.22
Sept,F,13.1,9.9,43.16,0.1
Sept,M,23.6,18.1,229.01,0.18
Sept,M,20,15.1,135.23,0.02
Sept,M,19,14.5,130.58,0.07
Sept,M,19.6,14.8,132.2,0.04
Sept,M,20,14.9,137.35,0.05
Sept,M,19.6,14.5,107.4,0.03
Sept,M,18.8,14.4,113.68,0.09
Sept,M,16.1,12.4,81.69,0.04
Sept,M,15.8,12.2,75.69,0.03
Sept,M,16.4,12.5,78.67,0.04
Sept,M,16.1,12.1,83.75,0.04
Sept,M,16.3,12.5,84.23,0.08
Sept,M,15.4,11.9,69.78,0.07
Sept,M,15.1,11.4,63,0.02
Sept,M,14.4,10.9,53.87,0.02
Sept,M,14.9,12.1,51.79,0.02
Sept,M,11.9,8.9,29.71,0.02
Sept,M,13.7,10.4,47.02,0.02
Sept,M,11.3,8.5,28.27,0.02
Sept,M,13.5,10.3,46.34,0.02
Sept,M,10.8,8.7,27.21,0.07
Sept,M,14.7,11.5,59.5,0.02
Sept,M,12.5,9.4,38.75,0.02
Sept,M,12.6,9.6,39.8,0.01
Sept,M,15,10.5,60.17,0.02
Sept,M,15.1,11.6,60.08,0.04
Sept,M,15.4,11.6,57.55,0.04
Sept,M,13.4,10.2,45.03,0.07
Sept,M,13,10,44.29,0.01
Sept,M,14,10.9,55.44,0.01
Sept,M,12.4,9.2,35.97,0.01
Sept,M,13.7,10.5,50.2,0.02
Sept,M,15.2,11.2,60.08,0.02